# samples,# locations,# with GPI,median pcs/m,mean pcs/m,% of daily total,frequency
31,9,5,0.02,0.07161290322580646,0.01967197278649265,0.5806451612903226
4,2,2,0.035,0.465,0.09203979129825118,0.75
72,22,12,0.0,0.5051388888888889,0.03893133931386179,0.4861111111111111
12,8,2,0.0,0.007500000000000001,0.001026411964438454,0.16666666666666666
31,8,3,0.0,0.01064516129032258,0.011515064045629374,0.3225806451612903
25,7,2,0.0,0.0028000000000000004,0.0012885681894781998,0.12
24,8,2,0.0,0.012916666666666668,0.007717625709445734,0.25
43,9,6,0.0,0.02813953488372093,0.011373552481713206,0.23255813953488372
